{
    "accuracy": 0.8166666666666667,
    "f1_macro": 0.8162071846282373,
    "confusion_matrix": [
        [
            23,
            7
        ],
        [
            4,
            26
        ]
    ]
}